{"cameraMode":{"drawMode":0,"name":"Shaded","section":"Shading Mode"},"sceneLighting":false,"audioPlay":false,"sceneViewState":{"showFog":true,"showMaterialUpdate":false,"showSkybox":false,"showFlares":true,"showImageEffects":true,"showParticleSystems":true},"in2DMode":false,"pivot":{"x":129.44253540039063,"y":2.186567783355713,"z":137.36679077148438},"rotation":{"x":0.006132496055215597,"y":-0.9929274320602417,"z":0.1049455925822258,"w":0.05686014145612717},"size":8.496291160583496,"orthographic":false}