{"cameraMode":{"drawMode":0,"name":"Shaded","section":"Shading Mode"},"sceneLighting":false,"audioPlay":false,"sceneViewState":{"showFog":true,"showMaterialUpdate":false,"showSkybox":false,"showFlares":true,"showImageEffects":true,"showParticleSystems":true},"in2DMode":false,"pivot":{"x":-152.8864288330078,"y":4.379261016845703,"z":191.74371337890626},"rotation":{"x":-0.03707205504179001,"y":-0.9548380374908447,"z":0.1358819603919983,"w":-0.26187092065811159},"size":27.85894203186035,"orthographic":false}