{"cameraMode":{"drawMode":0,"name":"Shaded","section":"Shading Mode"},"sceneLighting":false,"audioPlay":false,"sceneViewState":{"showFog":true,"showMaterialUpdate":false,"showSkybox":false,"showFlares":true,"showImageEffects":true,"showParticleSystems":true},"in2DMode":false,"pivot":{"x":108.66387939453125,"y":14.97082233428955,"z":127.0608139038086},"rotation":{"x":-0.04527037963271141,"y":-0.03197662904858589,"z":0.00157194584608078,"w":-0.9985529184341431},"size":66.17500305175781,"orthographic":false}