{"cameraMode":{"drawMode":0,"name":"Shaded","section":"Shading Mode"},"sceneLighting":false,"audioPlay":false,"sceneViewState":{"showFog":true,"showMaterialUpdate":false,"showSkybox":false,"showFlares":true,"showImageEffects":true,"showParticleSystems":true},"in2DMode":false,"pivot":{"x":7.929933071136475,"y":3.0207626819610597,"z":174.28936767578126},"rotation":{"x":0.005114771891385317,"y":-0.9930127859115601,"z":-0.044386036694049838,"w":-0.10982383042573929},"size":10.847946166992188,"orthographic":false}