{"cameraMode":{"drawMode":0,"name":"Shaded","section":"Shading Mode"},"sceneLighting":false,"audioPlay":false,"sceneViewState":{"showFog":true,"showMaterialUpdate":false,"showSkybox":false,"showFlares":true,"showImageEffects":true,"showParticleSystems":true},"in2DMode":false,"pivot":{"x":-6.0946173667907719,"y":33.247676849365237,"z":-7.269636154174805},"rotation":{"x":0.21629351377487184,"y":0.5592861175537109,"z":-0.1541372537612915,"w":0.7853332161903381},"size":49.89833450317383,"orthographic":false}