{"cameraMode":{"drawMode":0,"name":"Shaded","section":"Shading Mode"},"sceneLighting":false,"audioPlay":false,"sceneViewState":{"showFog":true,"showMaterialUpdate":false,"showSkybox":false,"showFlares":true,"showImageEffects":true,"showParticleSystems":true},"in2DMode":false,"pivot":{"x":96.71614837646485,"y":2.9865007400512697,"z":144.48927307128907},"rotation":{"x":-0.14985132217407227,"y":-0.8426820635795593,"z":0.42155715823173525,"w":-0.29983949661254885},"size":30.4709529876709,"orthographic":false}