{"cameraMode":{"drawMode":0,"name":"Shaded","section":"Shading Mode"},"sceneLighting":false,"audioPlay":false,"sceneViewState":{"showFog":true,"showMaterialUpdate":false,"showSkybox":false,"showFlares":true,"showImageEffects":true,"showParticleSystems":true},"in2DMode":false,"pivot":{"x":-145.47142028808595,"y":40.64067077636719,"z":86.52871704101563},"rotation":{"x":0.18386346101760865,"y":-0.6061258316040039,"z":0.14652490615844727,"w":0.7599307894706726},"size":10.552739143371582,"orthographic":false}